﻿<UpdateInfo MD5="3B6F2218212DD496ED58C3DE33BF37B7">
	<UpdateLog>Dism++ 10.1.1000.20 13:59 2017/8/13

1：解决一些BUG，比如BUG 123、164、149、155
具体请参考：https://github.com/Chuyu-Team/Dism-Multi-language/issues

2：新增Fea，Windows Update新增重启生效报告支持。
3：新增Fea，新增Dism++ sut支持，为离线系统添加软件。

希望各种语言大神能为Dism++国际化支持添砖加瓦 : )

详细信息请参考更新日志</UpdateLog>
	<Tag>1145</Tag>
	<URLS>
		<URL>http://cdn.chuyu.me/files/</URL>
	</URLS>
	<FileCollection>
		<File Path="Dism++x64.exe" Exist="True" zip="true" Size="345501" MD5="EF040CF24EB8737AD899A0ACDCB41DDA" URL="http://cdn.chuyu.me/files/Dism++x64_10.1.21.2B.zip">
			<Version MD5="55212940CFDEA185966F151EBCCAA047">
				<Delta Size="141828" URL="Dism++x64.exe_10.1.1000.0~10.1.1000.20.psf" MD5="7F7E26A844D75E51D195998CCAD2C820" Type="PA30" Base="C9612AB68D79316C7F3ED4D1AE3982E6"/>
				<Delta Size="141076" URL="Dism++x64.exe_10.1.1000.1~10.1.1000.20.psf" MD5="2D1D086A9A0EFC40DE653B123E0D03A3" Type="PA30" Base="BEC14F64D0BC5F6EF9180D58B1777C92"/>
				<Delta Size="106347" URL="Dism++x64.exe_10.1.1000.10~10.1.1000.20.psf" MD5="52356EAC300C04109E81BD4C9057F422" Type="PA30" Base="26D26C9CCAD60443B766A03A6A9B49D8"/>
				<Delta Size="94127" URL="Dism++x64.exe_10.1.1000.11~10.1.1000.20.psf" MD5="8D1DE4FCABAE37FE85B9B051AB43BA17" Type="PA30" Base="A04075F6759636FFF0596F63F66A1138"/>
				<Delta Size="160116" URL="Dism++x64.exe_10.1.25.4~10.1.1000.20.psf" MD5="359603C3B666DDB69447809A6E10C3CA" Type="PA30" Base="ADEDC45683F7D720C50D72CD2DDD78BB"/>
				<Delta Size="153479" URL="Dism++x64.exe_10.1.27.1~10.1.1000.20.psf" MD5="B0EBD61F34912FE34AC598C01AF6AAD6" Type="PA30" Base="99C847FA20723F7C7FCAA9B56163A20A"/>
				<Delta Size="411362" URL="Dism++x64.exe_10.1.1000.20.cab" MD5="F972EECC6CC2D2CA80DAC79E2F10ED98" Type="MSCF"/>
			</Version>
		</File>
		<File Path="Dism++x86.exe" Exist="True" zip="true" Size="257672" MD5="D784CC8E300D7D16B3D6645FD952B67A" URL="http://cdn.chuyu.me/files/Dism++x86_10.1.21.2B.zip">
			<Version MD5="460A0F7542E062437EF4FF0F9A2D27B5">
				<Delta Size="107217" URL="Dism++x86.exe_10.1.1000.0~10.1.1000.20.psf" MD5="9947BE91B1069B2293E4A0DA4CFFF7E8" Type="PA30" Base="6101FEB3AAED15B5E79F3DA82BE1B8CF"/>
				<Delta Size="107066" URL="Dism++x86.exe_10.1.1000.1~10.1.1000.20.psf" MD5="A4B2D745631FF01FBD67FDE1A14BB80E" Type="PA30" Base="FB7D07A939AAD5D4061DA8F94473ED89"/>
				<Delta Size="75358" URL="Dism++x86.exe_10.1.1000.10~10.1.1000.20.psf" MD5="9DE3875624F1025EAB05647C59328E7A" Type="PA30" Base="C4252FBE3C66DAFA03484F261340B1AD"/>
				<Delta Size="62271" URL="Dism++x86.exe_10.1.1000.11~10.1.1000.20.psf" MD5="F43D98E96A78FBA00BDB2646700B7102" Type="PA30" Base="E5FD31FFC115DCC8B8C729A33CBC1CDC"/>
				<Delta Size="118014" URL="Dism++x86.exe_10.1.25.4~10.1.1000.20.psf" MD5="BD98FE6CEFB64A86CE0DA82B8395EB27" Type="PA30" Base="C1F932AE63A9A38A0884FD590847405F"/>
				<Delta Size="113671" URL="Dism++x86.exe_10.1.27.1~10.1.1000.20.psf" MD5="561EAC866C5D8C433A6C1AA4473B2EAA" Type="PA30" Base="D6AC14C34E3E21F6E00AF93D68EA3661"/>
				<Delta Size="319700" URL="Dism++x86.exe_10.1.1000.20.cab" MD5="5DCC406D423ED0CC3310F615B15602B0" Type="MSCF"/>
			</Version>
		</File>
		<File Path="Config\Data.zip">
			<Version MD5="5DA77F201AADBDD0597A08A6ABF3C0EA">
				<Delta Size="42962" URL="Config_Data.zip_2017-03-10~2017-08-13.psf" MD5="F9D44173D5464ECE515481AA22FD84EA" Type="PA30" Base="183AECAEF3562737315146E7133B8536"/>
				<Delta Size="42762" URL="Config_Data.zip_2017-03-29~2017-08-13.psf" MD5="45251003E2E9B3AAD52C2CED60C5361C" Type="PA30" Base="879298B907BB7279C391B7F00FA10561"/>
				<Delta Size="42781" URL="Config_Data.zip_2017-04-04~2017-08-13.psf" MD5="5E63D59A46641FDF5AFA0192446A11C1" Type="PA30" Base="A6C9B66AD245E915ACF21B730F88960A"/>
				<Delta Size="42950" URL="Config_Data.zip_2017-04-16~2017-08-13.psf" MD5="FD8F44DC89E93607D52315841678B2FF" Type="PA30" Base="395C2A7732892BCC36A26EA3F43A0DC7"/>
				<Delta Size="42226" URL="Config_Data.zip_2017-05-14~2017-08-13.psf" MD5="41A8E9CF0B7FE7A5B63EBEA8045CB442" Type="PA30" Base="9526146F624C2EEA292255C67BA6711B"/>
				<Delta Size="41615" URL="Config_Data.zip_2017-05-21~2017-08-13.psf" MD5="E6EBC419F1DFA90203FE99EB7FDA5034" Type="PA30" Base="012DC5D5F845C15B109BE6BF20C087AE"/>
				<Delta Size="42613" URL="Config_Data.zip_2017-06-13~2017-08-13.psf" MD5="C75A43395F4C7379B6C872907754DEA1" Type="PA30" Base="898C34CE862C4DFBEEDCC6AFCD565806"/>
				<Delta Size="42525" URL="Config_Data.zip_2017-06-17~2017-08-13.psf" MD5="3B6E47C12764B99283F380EAE1464167" Type="PA30" Base="D6B06222D9A313B22050E2BD5D797DDE"/>
				<Delta Size="33457" URL="Config_Data.zip_2017-06-25~2017-08-13.psf" MD5="FAFA2031568E0D99C7CA89B1CAD5562C" Type="PA30" Base="B890589D1247CFEECB8276E0B384378E"/>
				<Delta Size="33457" URL="Config_Data.zip_2017-07-03~2017-08-13.psf" MD5="9F0807E219C70514DFED426173CA6074" Type="PA30" Base="511F04805DF887FB1E2BA3D4661AD717"/>
				<Delta Size="29368" URL="Config_Data.zip_2017-07-29~2017-08-13.psf" MD5="123B1CF241A275512CCAB81252112683" Type="PA30" Base="A54569F238C52069FBA6D69F88CCB052"/>
				<Delta Size="43047" URL="Config_Data.zip_2017-08-13..zip" MD5="5DA77F201AADBDD0597A08A6ABF3C0EA" Type="RAW"/>
			</Version>
		</File>
		<File Path="Config\amd64\CBSHost.dll" Exist="True" zip="true" Size="67375" MD5="C61109115A83DE72833DC356C7D764E4" URL="http://cdn.chuyu.me/files/CBSHost_amd64_10.1.21.2.zip">
			<Applicable>
				<FileExist FilePath="%0%Dism++x64.exe"/>
			</Applicable>
			<Version MD5="7DFAB7713A6036CB6E3E672487E20793">
				<Delta Size="20043" URL="Config_amd64_CBSHost.dll_10.1.1000.0~10.1.1000.20.psf" MD5="66DE53129A3BF0001357A360D1FBF936" Type="PA30" Base="AD23FC12B3C90AFD3ED1C609D327A718"/>
				<Delta Size="12066" URL="Config_amd64_CBSHost.dll_10.1.1000.10~10.1.1000.20.psf" MD5="30A6A6E6952B18AA2CE06175F2E37BB7" Type="PA30" Base="D713AA0B16B58AAA7747882AA1C97EB6"/>
				<Delta Size="9479" URL="Config_amd64_CBSHost.dll_10.1.1000.11~10.1.1000.20.psf" MD5="228CF00CA91F851D7B0B508BC7736359" Type="PA30" Base="053D7CB8A16AE3DBC5CD7604EE9F576F"/>
				<Delta Size="27121" URL="Config_amd64_CBSHost.dll_10.1.26.8~10.1.1000.20.psf" MD5="651922E68858C3DF3D6536B821407B8F" Type="PA30" Base="0D50E9C81F7BB76BA269AC293516DFC3"/>
				<Delta Size="24988" URL="Config_amd64_CBSHost.dll_10.1.27.1~10.1.1000.20.psf" MD5="362C44432883D2E75326027C8B37053D" Type="PA30" Base="DB61ADFE821E289F4910A6F29E9E72A6"/>
				<Delta Size="62372" URL="Config_amd64_CBSHost.dll_10.1.1000.20.cab" MD5="5DAA337DCA43946B0335691739EBAE86" Type="MSCF"/>
			</Version>
		</File>
		<File Path="Config\x86\CBSHost.dll" Exist="True" zip="true" Size="55141" MD5="25A63C0086B88A6E062E50E9EC577395" URL="http://cdn.chuyu.me/files/CBSHost_x86_10.1.21.2.zip">
			<Version MD5="8C9332E3A4F126130E474789D6529681">
				<Delta Size="17405" URL="Config_x86_CBSHost.dll_10.1.1000.0~10.1.1000.20.psf" MD5="911807881C29D073BAD9E43655F2CAD2" Type="PA30" Base="02DEEE90F9CAEFC4C5762B43DAF0699D"/>
				<Delta Size="11433" URL="Config_x86_CBSHost.dll_10.1.1000.10~10.1.1000.20.psf" MD5="767B2FC9CC2F7A42DB0BCC65E24670A5" Type="PA30" Base="D63BDE96F11714A364E38568FE3D258C"/>
				<Delta Size="8886" URL="Config_x86_CBSHost.dll_10.1.1000.11~10.1.1000.20.psf" MD5="D7B7F0997412BC8EB291D08B9D54E02A" Type="PA30" Base="40CE86318A897993169696D9DDDDE098"/>
				<Delta Size="23075" URL="Config_x86_CBSHost.dll_10.1.26.8~10.1.1000.20.psf" MD5="5444F39A0141A3CE127EE270A7C72F97" Type="PA30" Base="EFC7FCA294610A82BD9FD73A5D4B1ED8"/>
				<Delta Size="20892" URL="Config_x86_CBSHost.dll_10.1.27.1~10.1.1000.20.psf" MD5="322CF1D1068F456F6FB5032B89683597" Type="PA30" Base="8B8FF017625F6065CC1961AAF2B1155B"/>
				<Delta Size="51880" URL="Config_x86_CBSHost.dll_10.1.1000.20.cab" MD5="0D4357DD15608F8BE883DA3771E8F743" Type="MSCF"/>
			</Version>
		</File>
		<File Path="Config\default.ui.zip" Exist="True">
			<Version MD5="BEFD81F29375FBDAAB5A229D3DC8F16F">
				<Delta Size="11219" URL="Config_default.ui.zip_2016-01-06~2017-08-13.psf" MD5="9FF72EF780271463ECF9B319D223A279" Type="PA30" Base="8789652150C4FEB820AD58C2E708860D"/>
				<Delta Size="11139" URL="Config_default.ui.zip_2017-01-15~2017-08-13.psf" MD5="C483746BEECEF95B565E9A6395F0644C" Type="PA30" Base="5E025CD81593C8FF309D1EED0A5D9393"/>
				<Delta Size="10910" URL="Config_default.ui.zip_2017-02-15~2017-08-13.psf" MD5="502F5194F9CF3EA561D80521AD00FD26" Type="PA30" Base="E54852520A5B17522BDAF36DF1168927"/>
				<Delta Size="10899" URL="Config_default.ui.zip_2017-04-09~2017-08-13.psf" MD5="12A13B58C30E816EC08C907FB267FD19" Type="PA30" Base="5AB7F57422FC93E3A662F182C6A19FD5"/>
				<Delta Size="10782" URL="Config_default.ui.zip_2017-04-27~2017-08-13.psf" MD5="A0FBCB1C103F43B60896C1693AFC2FF2" Type="PA30" Base="55330F91D4645283F640E711416C4DB8"/>
				<Delta Size="10236" URL="Config_default.ui.zip_2017-05-31~2017-08-13.psf" MD5="150525D7925077669DEAA556A3749F39" Type="PA30" Base="8B2A79ABB65248386E98435BD589BE6E"/>
				<Delta Size="10227" URL="Config_default.ui.zip_2017-06-25~2017-08-13.psf" MD5="413A388410CB6B1B131802294FF5E08F" Type="PA30" Base="E56D76FBD2A4595EE79D865DF2789F6E"/>
				<Delta Size="28019" URL="Config_default.ui.zip_2017-08-13.cab" MD5="A73E7C541E355E750F214C98DC13D659" Type="MSCF"/>
			</Version>
		</File>
		<File Path="Config\Plugins\FrogPlugins_Pcn7FMvReAsVWfCQBfRJCw\Plugin.amd64.dll" Exist="True">
			<Applicable>
				<FileExist FilePath="%0%Dism++x64.exe"/>
			</Applicable>
			<Version MD5="E2A7B8657CF2CCD18A35A8B9470CCA16">
				<Delta Size="12991" URL="Config_Plugins_FrogPlugins_Pcn7FMvReAsVWfCQBfRJCw_Plugin.amd64.dll_10.1.1000.0~10.1.1000.10.psf" MD5="71B049C2CC009E06F9EA891C8EC3DFF1" Type="PA30" Base="8DE00900B0C31ACED60B21B0DBF4C73B"/>
				<Delta Size="25217" URL="Config_Plugins_FrogPlugins_Pcn7FMvReAsVWfCQBfRJCw_Plugin.amd64.dll_10.1.20.9~10.1.1000.10.psf" MD5="648E2BBB7F205B91E0E6FD1C432C9083" Type="PA30" Base="9D2949CBDF3C0C4373963E5A094F847F"/>
				<Delta Size="23492" URL="Config_Plugins_FrogPlugins_Pcn7FMvReAsVWfCQBfRJCw_Plugin.amd64.dll_10.1.21.3~10.1.1000.10.psf" MD5="BA4CB5B6A29AFFACABB8270CACF44ED0" Type="PA30" Base="EFA0D7574AA69EB4D7EF61CF051EA93E"/>
				<Delta Size="19587" URL="Config_Plugins_FrogPlugins_Pcn7FMvReAsVWfCQBfRJCw_Plugin.amd64.dll_10.1.24.1~10.1.1000.10.psf" MD5="EE19CBA53773634FA3814F8951B6FC89" Type="PA30" Base="C5140E463C46629DD3C873901E4B61D9"/>
				<Delta Size="19388" URL="Config_Plugins_FrogPlugins_Pcn7FMvReAsVWfCQBfRJCw_Plugin.amd64.dll_10.1.24.2~10.1.1000.10.psf" MD5="C680DC4F65F33A87F73EA6B3605866E3" Type="PA30" Base="3FE0BBA3134C965778D7CDAF0D37AF3B"/>
				<Delta Size="15393" URL="Config_Plugins_FrogPlugins_Pcn7FMvReAsVWfCQBfRJCw_Plugin.amd64.dll_10.1.26.3~10.1.1000.10.psf" MD5="270BA2C2588C838710A0F08F2E47ADB6" Type="PA30" Base="47D85E6EA9194E192FA73BDE211BB485"/>
				<Delta Size="50651" URL="Config_Plugins_FrogPlugins_Pcn7FMvReAsVWfCQBfRJCw_Plugin.amd64.dll_10.1.1000.10.cab" MD5="7349B7FCEB5D702B90F27FEDA257AE7D" Type="MSCF"/>
			</Version>
		</File>
		<File Path="Config\Plugins\FrogPlugins_Pcn7FMvReAsVWfCQBfRJCw\Plugin.x86.dll">
			<Applicable>
				<Or>
					<RegExist Key="HKEY_CURRENT_USER\Software\Dism++FileRequest" Value="Plugin.x86.dll"/>
					<And>
						<FileExist FilePath="%0%Config\Plugins\FrogPlugins_Pcn7FMvReAsVWfCQBfRJCw\Plugin.x86.dll"/>
						<FileExist FilePath="%0%Dism++x86.exe"/>
					</And>
				</Or>
			</Applicable>
			<Version MD5="594B235255B7AC0875282E454D15BD8E">
				<Delta Size="9638" URL="Config_Plugins_FrogPlugins_Pcn7FMvReAsVWfCQBfRJCw_Plugin.x86.dll_10.1.1000.0~10.1.1000.10.psf" MD5="7393A82D6DC0565F6B8C265F2A665905" Type="PA30" Base="48CC79AE5DAB522EFE062C642858B1B0"/>
				<Delta Size="21153" URL="Config_Plugins_FrogPlugins_Pcn7FMvReAsVWfCQBfRJCw_Plugin.x86.dll_10.1.20.9~10.1.1000.10.psf" MD5="FF782A460A04837F990514418478335C" Type="PA30" Base="D0E1A1B29EEF7C32650E4E36D9F3C176"/>
				<Delta Size="19989" URL="Config_Plugins_FrogPlugins_Pcn7FMvReAsVWfCQBfRJCw_Plugin.x86.dll_10.1.21.3~10.1.1000.10.psf" MD5="66478BDD162784F6E68B22BB24C92A21" Type="PA30" Base="666CBE92FDD3673D80BD901A87517472"/>
				<Delta Size="17047" URL="Config_Plugins_FrogPlugins_Pcn7FMvReAsVWfCQBfRJCw_Plugin.x86.dll_10.1.24.1~10.1.1000.10.psf" MD5="82819D31EC5B61D2D17FC7AC89CF7D99" Type="PA30" Base="04000A8F3D6104D635257E10FB33BCC6"/>
				<Delta Size="16922" URL="Config_Plugins_FrogPlugins_Pcn7FMvReAsVWfCQBfRJCw_Plugin.x86.dll_10.1.24.2~10.1.1000.10.psf" MD5="CE416E99BA032CB8CFF06516E0C39051" Type="PA30" Base="8DF0B0F67261F0708E23B5919BD3FA49"/>
				<Delta Size="13931" URL="Config_Plugins_FrogPlugins_Pcn7FMvReAsVWfCQBfRJCw_Plugin.x86.dll_10.1.26.3~10.1.1000.10.psf" MD5="728BEC490C48912B25F2FC32A02EE9B7" Type="PA30" Base="DDFBF0D53C1AE0BA991A1B521ABAB438"/>
				<Delta Size="41613" URL="Config_Plugins_FrogPlugins_Pcn7FMvReAsVWfCQBfRJCw_Plugin.x86.dll_10.1.1000.10.cab" MD5="E45BE8FD37E80463A98D2799FE482146" Type="MSCF"/>
			</Version>
		</File>
		<File Path="Config\Plugins\FrogPlugins_Pcn7FMvReAsVWfCQBfRJCw\PluginRes.dll">
			<Applicable>
				<Or>
					<FileExist FilePath="%0%Config\Plugins\FrogPlugins_Pcn7FMvReAsVWfCQBfRJCw\Plugin.amd64.dll"/>
					<FileExist FilePath="%0%Config\Plugins\FrogPlugins_Pcn7FMvReAsVWfCQBfRJCw\Plugin.x86.dll"/>
				</Or>
			</Applicable>
			<Version MD5="CAB1EBC67EE075F4844C0836B6B29D73">
				<Delta Size="202906" URL="PluginRes_10.1.10.1.cab" MD5="0B280E9D2E37F451AE9ACE08AFD42782" Type="MSCF"/>
			</Version>
		</File>
		<File Path="Config\amd64\bcdboot.exe" Exist="True">
			<Applicable>
				<FileExist FilePath="%0%Dism++x64.exe"/>
			</Applicable>
			<Version MD5="BE14BE7C8F7F0F4E397B89979CB9CF6B">
				<Delta Size="79554" URL="bcdboot_amd64_10.0.10586.0.cab" MD5="4820C3B4392E4407F8871F3DAD7520F7" Type="MSCF"/>
			</Version>
		</File>
		<File Path="Config\x86\bcdboot.exe" Exist="True">
			<Applicable>
				<FileExist FilePath="%0%Dism++x86.exe"/>
			</Applicable>
			<Version MD5="805A3ACFB09848CE0255D20F7B993313">
				<Delta Size="71476 " URL="bcdboot_x86_10.0.10586.0.cab" MD5="27289F0D4AA6AB64ADE49A503C4D5115" Type="MSCF"/>
			</Version>
		</File>
		<File Path="Config\amd64\wimgapi.dll" Exist="True">
			<Applicable>
				<FileExist FilePath="%0%Dism++x64.exe"/>
			</Applicable>
			<Version MD5="D71C395347F794B0328B49B5268F0F83">
				<Delta Size="169652" URL="Config_amd64_wimgapi.dll_10.0.14393.0~10.0.16225.1000.psf" MD5="4C9E5149CFFC698AA7733DCF9E664890" Type="PA30" Base="6927F618D61A91A85FB17685311482D3"/>
				<Delta Size="161559" URL="Config_amd64_wimgapi.dll_10.0.15021.1000~10.0.16225.1000.psf" MD5="FBA0684F0550B6335F09836CF11580C6" Type="PA30" Base="C3529C600FB029BC2D5A547BA851897C"/>
				<Delta Size="161612" URL="Config_amd64_wimgapi.dll_10.0.15021.1001~10.0.16225.1000.psf" MD5="C255D249E1542086E93F4680560B83F5" Type="PA30" Base="F4EEE0E7A6997FB95999494DD685C096"/>
				<Delta Size="116578" URL="Config_amd64_wimgapi.dll_10.0.15052.1000~10.0.16225.1000.psf" MD5="47CB3AAB30B9EDADB26AE759144632E1" Type="PA30" Base="FFF1187CF692965A07DCAD971B4C34C3"/>
				<Delta Size="117535" URL="Config_amd64_wimgapi.dll_10.0.15063.0~10.0.16225.1000.psf" MD5="E10254CB8D7E0C8E612BEF91A863E9AB" Type="PA30" Base="E742164C5F621F26FF2EB362D2CE84B4"/>
				<Delta Size="316268" URL="Config_amd64_wimgapi.dll_10.0.16225.1000.cab" MD5="82DF4C5DEA7F3A3FB384DCDC2C5199EF" Type="MSCF"/>
			</Version>
		</File>
		<File Path="Config\x86\wimgapi.dll" Exist="True">
			<Applicable>
				<FileExist FilePath="%0%Dism++x86.exe"/>
			</Applicable>
			<Version MD5="DB0A029F4C66A3C3B130E73476E5FF24">
				<Delta Size="138159" URL="Config_x86_wimgapi.dll_10.0.14393.0~10.0.16225.1000.psf" MD5="8270DA8A49AED964AD267D285C4B467C" Type="PA30" Base="CF4B0D899A2F1A0B06B5CE65A5E69A02"/>
				<Delta Size="94352" URL="Config_x86_wimgapi.dll_10.0.15021.1000~10.0.16225.1000.psf" MD5="3E726DC10D96D48C99C9C38C02C4FABE" Type="PA30" Base="A3F4BA3F6964DCFE3FAFEF36846B0787"/>
				<Delta Size="94442" URL="Config_x86_wimgapi.dll_10.0.15021.1001~10.0.16225.1000.psf" MD5="19613B937E3491E47B82C899EEC1D144" Type="PA30" Base="D27DC69A83C3B129C5C268BE4903CDA1"/>
				<Delta Size="94660" URL="Config_x86_wimgapi.dll_10.0.15052.1000~10.0.16225.1000.psf" MD5="882571EC3B3640E67C4DEA10E91D3157" Type="PA30" Base="62D2B6099C74D3DE15C47454CEBAC7FB"/>
				<Delta Size="95019" URL="Config_x86_wimgapi.dll_10.0.15063.0~10.0.16225.1000.psf" MD5="0DF4E39625419F342150727DD291A229" Type="PA30" Base="D85F641D4AD19CCAA0761B76AA16E173"/>
				<Delta Size="273254" URL="Config_x86_wimgapi.dll_10.0.16225.1000.cab" MD5="2B2FF9B37AC2FD65E5BC228920EE309C" Type="MSCF"/>
			</Version>
		</File>
		<File Path="Config\amd64\wofadk.sys" Exist="True">
			<Version MD5="FBA28D5AC166714737D1D8CDF0AEF078">
				<Delta Size="112225" URL="wofadk_amd64_10.0.14393.0.cab" MD5="D3A918FB9B17B2A95DE6849C3616FB52" Type="MSCF"/>
			</Version>
		</File>
		<File Path="Config\x86\wofadk.sys" Exist="True">
			<Version MD5="B58305136C4CE3508C0A3C9E48432AC9">
				<Delta Size="97413" URL="wofadk_x86_10.0.14393.0.cab" MD5="C69221C3E0F5BF3A99ECEAEDE4D9CC0F" Type="MSCF"/>
			</Version>
		</File>
		<File Path="Config\amd64\NCleaner.dll">
			<Applicable>
				<FileExist FilePath="%0%Dism++x64.exe"/>
			</Applicable>
			<Version MD5="F7FFAE87600749ADA339F55F25B4709B">
				<Delta Size="15835" URL="Config_amd64_NCleaner.dll_1.0.2.3~1.0.3.8.psf" MD5="CB94ED429AFC7FFF51E75605C3224A63" Type="PA30" Base="C201D08840872855C71E19C9F4B89A35"/>
				<Delta Size="15823" URL="Config_amd64_NCleaner.dll_1.0.2.4~1.0.3.8.psf" MD5="A6D1002672253FDC2A6B8B4D37DA7781" Type="PA30" Base="59C2CBD79CB24AEA93B70F30D36C5395"/>
				<Delta Size="15760" URL="Config_amd64_NCleaner.dll_1.0.2.5~1.0.3.8.psf" MD5="7EC4D66D73C6220A9C42068DF3BE3F4D" Type="PA30" Base="E7A06FB9714F4BF6447F31351E90EE9F"/>
				<Delta Size="15217" URL="Config_amd64_NCleaner.dll_1.0.2.8~1.0.3.8.psf" MD5="0F11C8555DB57ADEB7A4B742FF671D60" Type="PA30" Base="0E55C6BA91F66EE4109C6FCAF7E86621"/>
				<Delta Size="13365" URL="Config_amd64_NCleaner.dll_1.0.3.4~1.0.3.8.psf" MD5="B5A647220009A4EFD0F25D3253CE517D" Type="PA30" Base="1750234D8F7D97CB043A3FFB49270B22"/>
				<Delta Size="5345" URL="Config_amd64_NCleaner.dll_1.0.3.6~1.0.3.8.psf" MD5="440673FB05BF351FB706566841D53B2B" Type="PA30" Base="4D7AF069E8722FF400D9FA99EC643D46"/>
				<Delta Size="19407" URL="Config_amd64_NCleaner.dll_1.0.3.8.cab" MD5="3B2EB687B1329B9616BF0D42DC2C5B3C" Type="MSCF"/>
			</Version>
		</File>
		<File Path="Config\x86\NCleaner.dll">
			<Applicable>
				<FileExist FilePath="%0%Dism++x86.exe"/>
			</Applicable>
			<Version MD5="C8EE21CE43E33EAC904EB9E36ECBBE95">
				<Delta Size="13168" URL="Config_x86_NCleaner.dll_1.0.2.3~1.0.3.8.psf" MD5="6B6CBFE39CF38C29C2A3A93455FC7270" Type="PA30" Base="2879965DE72849D1F2780D3C4A2CCF8F"/>
				<Delta Size="13147" URL="Config_x86_NCleaner.dll_1.0.2.4~1.0.3.8.psf" MD5="EAFBA605DEDA56FCB62073A10F8955B6" Type="PA30" Base="10682298BD9097A53E3008D95D0CECB6"/>
				<Delta Size="13128" URL="Config_x86_NCleaner.dll_1.0.2.5~1.0.3.8.psf" MD5="F6BCAAACC932733FEEA38446220D8C3A" Type="PA30" Base="F632AE3B9BFF565C85F542ABBF25C403"/>
				<Delta Size="12626" URL="Config_x86_NCleaner.dll_1.0.2.8~1.0.3.8.psf" MD5="56942B9A4170FB0CE93C4E8F58754A06" Type="PA30" Base="34E270C582DD82110BBF64B68A4A8897"/>
				<Delta Size="11088" URL="Config_x86_NCleaner.dll_1.0.3.4~1.0.3.8.psf" MD5="B3DE6C8C17F95AA857598209802C438A" Type="PA30" Base="450ADA8B08A92B01DB16B5901D2D1DDA"/>
				<Delta Size="4906" URL="Config_x86_NCleaner.dll_1.0.3.6~1.0.3.8.psf" MD5="894FB0C7381A83FAF2B4683CF7C476A9" Type="PA30" Base="7DE371005465B905D153BEC9527E8700"/>
				<Delta Size="16823" URL="Config_x86_NCleaner.dll_1.0.3.8.cab" MD5="DD80F2C266BBB7485EBC055CDDAC0543" Type="MSCF"/>
			</Version>
		</File>
	</FileCollection>
	<Languages>
		<en Path="Config\Languages\en.zip">
			<Version MD5="EE520AC68364B9BD09D8621B76766F16">
				<Delta Size="36698" URL="Config_Languages_en.zip_2017-04-16~2017-08-20.psf" MD5="42ABB0D468781D8C3A8E2923C3670FCB" Type="PA30" Base="F6C53F1423CF00B1DADD7EB0A82C1976"/>
				<Delta Size="36721" URL="Config_Languages_en.zip_2017-04-27~2017-08-20.psf" MD5="AF6B6BE8EA3EE109DD3184C870C18C5A" Type="PA30" Base="28416CAE61D7D1AF6DD5D2D23CF97340"/>
				<Delta Size="36676" URL="Config_Languages_en.zip_2017-06-17~2017-08-20.psf" MD5="DCF05D4C57C9A05939142CD32E75BD3C" Type="PA30" Base="5394846038CA89A4697C0784713A1B99"/>
				<Delta Size="36704" URL="Config_Languages_en.zip_2017-06-25~2017-08-20.psf" MD5="434CBBEED9F9AC6ACA9385CB0A50DA75" Type="PA30" Base="E979E3C009BD596218CE75FD5D812909"/>
				<Delta Size="36706" URL="Config_Languages_en.zip_2017-08-13~2017-08-20.psf" MD5="3DC275DFE78BA52FBA98C051E6BAE853" Type="PA30" Base="671218D8C3A6F37EDBE0D83F2EB7AD22"/>
				<Delta Size="36621" URL="Config_Languages_en.zip_2017-08-20..zip" MD5="EE520AC68364B9BD09D8621B76766F16" Type="RAW"/>
			</Version>
		</en>
		<bg Path="Config\Languages\bg.zip">
			<Version MD5="EA96A1287227B5A787C3C9F498154869">
				<Delta Size="42146" URL="Config_Languages_bg.zip_2017-04-27~2017-08-20.psf" MD5="90BCFE3DCEA1D5C1590166E24F3862E9" Type="PA30" Base="965C4B61949119C97157FB5F4C5F0E24"/>
				<Delta Size="42108" URL="Config_Languages_bg.zip_2017-05-21~2017-08-20.psf" MD5="DC1647084C25984A5203D58807A472C3" Type="PA30" Base="E36561EA12099F7007A5BF79FEE80F33"/>
				<Delta Size="42142" URL="Config_Languages_bg.zip_2017-06-17~2017-08-20.psf" MD5="A3F0C422818234A94A6D90BB0D15B398" Type="PA30" Base="E642F9142700A8C8E743B8276224C8F0"/>
				<Delta Size="42123" URL="Config_Languages_bg.zip_2017-08-13~2017-08-20.psf" MD5="80E4BEEA2AF38AEBA6D90B995475D824" Type="PA30" Base="77B76A62B21718919B0B24515A2D24F0"/>
				<Delta Size="41980" URL="Config_Languages_bg.zip_2017-08-20..zip" MD5="EA96A1287227B5A787C3C9F498154869" Type="RAW"/>
			</Version>
		</bg>
		<cs Path="Config\Languages\cs.zip">
			<Version MD5="8282A24D4D7472517A917B01E5DD01B4">
				<Delta Size="39188" URL="Config_Languages_cs.zip_2017-04-20~2017-08-20.psf" MD5="AC72AE0C33960B781DF013CA33F5B052" Type="PA30" Base="AF37640BE573BA0C9422989B8DA6073D"/>
				<Delta Size="39151" URL="Config_Languages_cs.zip_2017-04-27~2017-08-20.psf" MD5="741E230C47523A6DF630AE00F55CD87D" Type="PA30" Base="9C5DDE8796743560C7A4BD042FBA7BBC"/>
				<Delta Size="39187" URL="Config_Languages_cs.zip_2017-06-17~2017-08-20.psf" MD5="130E9334ECC296134373C80328A19A06" Type="PA30" Base="F9934CE7755E7A6FA3F8804599CFEB0D"/>
				<Delta Size="39219" URL="Config_Languages_cs.zip_2017-08-13~2017-08-20.psf" MD5="18B9699ED308A5F07EC0694302F0FF37" Type="PA30" Base="552C0F56D09B78F0829A3FE06FD605D1"/>
				<Delta Size="39126" URL="Config_Languages_cs.zip_2017-08-20..zip" MD5="8282A24D4D7472517A917B01E5DD01B4" Type="RAW"/>
			</Version>
		</cs>
		<de Path="Config\Languages\de.zip">
			<Version MD5="19E34E4F0B267867699E1152F7E50BD1">
				<Delta Size="38936" URL="Config_Languages_de.zip_2017-04-27~2017-08-20.psf" MD5="8BEAC6675F521116516CB6F04F4492E9" Type="PA30" Base="1964F44B24D1DD0DF213CC3ACA1080EB"/>
				<Delta Size="38957" URL="Config_Languages_de.zip_2017-05-21~2017-08-20.psf" MD5="1FBD4C84843D616DC159C3E67FA8DC8D" Type="PA30" Base="84A1A2648BB2A22F6AE679B96C6D954D"/>
				<Delta Size="38805" URL="Config_Languages_de.zip_2017-06-17~2017-08-20.psf" MD5="D2C55F49C6FFD23723DE7C9EFDEB31F9" Type="PA30" Base="B0B4158848C379D8FDF98C7845C4784A"/>
				<Delta Size="38917" URL="Config_Languages_de.zip_2017-08-13~2017-08-20.psf" MD5="70C67B1BB864DA3C02F490D14B88CB03" Type="PA30" Base="8F987A6E1B09A02C6ECFA4D4817AD170"/>
				<Delta Size="38828" URL="Config_Languages_de.zip_2017-08-20..zip" MD5="19E34E4F0B267867699E1152F7E50BD1" Type="RAW"/>
			</Version>
		</de>
		<es Path="Config\Languages\es.zip">
			<Version MD5="349DD300A090A2C25AFFA5FFF2F2B6AF">
				<Delta Size="37235" URL="Config_Languages_es.zip_2017-04-01~2017-08-20.psf" MD5="672F160C8AA4F1C1EFD407AA1046C9D0" Type="PA30" Base="A4530C3CDA4E46185B5DC90EF8717FE3"/>
				<Delta Size="37266" URL="Config_Languages_es.zip_2017-04-16~2017-08-20.psf" MD5="EC3A8C94459AE574D4B76FF0FF7F7BDD" Type="PA30" Base="648588361F63EBC5D99C6E5FD32934C2"/>
				<Delta Size="37243" URL="Config_Languages_es.zip_2017-04-27~2017-08-20.psf" MD5="DF1BDE2F1B7779570062609FB988E31C" Type="PA30" Base="8CA81C35F99BC31D31F381B58C099FB6"/>
				<Delta Size="37247" URL="Config_Languages_es.zip_2017-05-21~2017-08-20.psf" MD5="A5369C511C0A9F36132C7FF945C1EBEB" Type="PA30" Base="6680E091D52B9244F426261DD881F118"/>
				<Delta Size="37251" URL="Config_Languages_es.zip_2017-06-17~2017-08-20.psf" MD5="821E41679F02643AECA11BD3A647ADEB" Type="PA30" Base="93DF0CEFA9FE43E652E068E424EC4911"/>
				<Delta Size="37200" URL="Config_Languages_es.zip_2017-08-13~2017-08-20.psf" MD5="AFBC11850CAD8E81E60CBF21E1E35F7C" Type="PA30" Base="06B70D3DD2AD5B3FB268A73BD3DA6E5E"/>
				<Delta Size="37161" URL="Config_Languages_es.zip_2017-08-20..zip" MD5="349DD300A090A2C25AFFA5FFF2F2B6AF" Type="RAW"/>
			</Version>
		</es>
		<fr Path="Config\Languages\fr.zip">
			<Version MD5="2D939CD947A6C342A48BA8B5F46F81D3">
				<Delta Size="40016" URL="Config_Languages_fr.zip_2017-04-20~2017-08-20.psf" MD5="A75C8D74A97BB0C22E8E06446F705417" Type="PA30" Base="218102541429B840DACDB616E7ABAE16"/>
				<Delta Size="40026" URL="Config_Languages_fr.zip_2017-04-27~2017-08-20.psf" MD5="28301F96023F1E6EBA2B66F4613DA4D1" Type="PA30" Base="F808505E5791CD83390E1D40A5FF43C8"/>
				<Delta Size="40005" URL="Config_Languages_fr.zip_2017-05-21~2017-08-20.psf" MD5="7DED3AA6DB355D46E1334BF0979329B7" Type="PA30" Base="E94D19D63016276C89C63D510F8AC6E3"/>
				<Delta Size="40003" URL="Config_Languages_fr.zip_2017-06-17~2017-08-20.psf" MD5="61E1827C72C554E51D8F0CA2A6C0FB44" Type="PA30" Base="8FE076E1CD1F62BC5C58A51B047C44DE"/>
				<Delta Size="40016" URL="Config_Languages_fr.zip_2017-08-13~2017-08-20.psf" MD5="99F8E80B0D0F9E5128C5E90EFC4DCA6F" Type="PA30" Base="17A3593597A38CB54BB282D922EE4D2A"/>
				<Delta Size="39854" URL="Config_Languages_fr.zip_2017-08-20..zip" MD5="2D939CD947A6C342A48BA8B5F46F81D3" Type="RAW"/>
			</Version>
		</fr>
		<it Path="Config\Languages\it.zip">
			<Version MD5="E23745C5DB0419FC333CB5288ABE8E7B">
				<Delta Size="37781" URL="Config_Languages_it.zip_2017-04-16~2017-08-20.psf" MD5="68CB9A617BFD75B1CF30DFC33A15814A" Type="PA30" Base="E13DAC6B84ACC8789A4F962AFD6853B3"/>
				<Delta Size="37801" URL="Config_Languages_it.zip_2017-04-27~2017-08-20.psf" MD5="C8D4B6F84E3E9C107A6FB122042B8FD3" Type="PA30" Base="DE05FA124572AC925E6F4BD58866A8D9"/>
				<Delta Size="37791" URL="Config_Languages_it.zip_2017-06-17~2017-08-20.psf" MD5="FBC8694CD0D80F4F4742BFD5A8BDEB09" Type="PA30" Base="675521E2319EB237F3C81D4E3A00F8D0"/>
				<Delta Size="37829" URL="Config_Languages_it.zip_2017-08-13~2017-08-20.psf" MD5="9E2CCAD471CE0DA869D7A87F3FEF3ED9" Type="PA30" Base="DB7ED28C31C3683A20F3B2EC2DD8C1FF"/>
				<Delta Size="37681" URL="Config_Languages_it.zip_2017-08-20..zip" MD5="E23745C5DB0419FC333CB5288ABE8E7B" Type="RAW"/>
			</Version>
		</it>
		<ja Path="Config\Languages\ja.zip">
			<Version MD5="CD38269F24A65CF53C17911297C6343A">
				<Delta Size="38353" URL="Config_Languages_ja.zip_2017-04-04~2017-08-20.psf" MD5="C332F7346BD782308A27336685D4D9B1" Type="PA30" Base="171266B0D885463B1F9471FFF2431A1D"/>
				<Delta Size="38370" URL="Config_Languages_ja.zip_2017-04-16~2017-08-20.psf" MD5="78D1297457898515B04F3E2751EBACCE" Type="PA30" Base="48A8B5616919254E1E07E77A9003D590"/>
				<Delta Size="38334" URL="Config_Languages_ja.zip_2017-04-27~2017-08-20.psf" MD5="2A5F37E94B6A4A35B9FEDCB8BE98C5E4" Type="PA30" Base="B3A048DDB145B3A805FCA25C53A10AEC"/>
				<Delta Size="38186" URL="Config_Languages_ja.zip_2017-06-17~2017-08-20.psf" MD5="61535EA40D0E73C892062790780B431D" Type="PA30" Base="09AAA9AA327CC9B489EA1CB5A1999A60"/>
				<Delta Size="38160" URL="Config_Languages_ja.zip_2017-06-25~2017-08-20.psf" MD5="6B5C202B5AAA3470546E5758893ACF15" Type="PA30" Base="04516AB807FE51A93F4EF09FABEBC382"/>
				<Delta Size="38278" URL="Config_Languages_ja.zip_2017-08-13~2017-08-20.psf" MD5="E2691F07F65C6492EFCE98A3998B142C" Type="PA30" Base="8FAEE9ABFB615D9461010BAA36FA36A9"/>
				<Delta Size="38240" URL="Config_Languages_ja.zip_2017-08-20..zip" MD5="CD38269F24A65CF53C17911297C6343A" Type="RAW"/>
			</Version>
		</ja>
		<ko Path="Config\Languages\ko.zip">
			<Version MD5="314C3677A2977ECE6A6C816E632ED2E7">
				<Delta Size="38660" URL="Config_Languages_ko.zip_2017-04-20~2017-08-20.psf" MD5="E14B752FAAAE4B25C9AADBF0D6F81424" Type="PA30" Base="0D2A556B02D2880C4259A188368D63BA"/>
				<Delta Size="38674" URL="Config_Languages_ko.zip_2017-04-27~2017-08-20.psf" MD5="5B0E75BC2FD6EC940881B757A425CEC5" Type="PA30" Base="7507A2D66FA197713C648AD457632025"/>
				<Delta Size="38454" URL="Config_Languages_ko.zip_2017-06-17~2017-08-20.psf" MD5="709170A89375029E5A67A87B14DBB177" Type="PA30" Base="3E0AB838592515A4E1FF8E55DA0D0B0A"/>
				<Delta Size="38461" URL="Config_Languages_ko.zip_2017-08-13~2017-08-20.psf" MD5="688F891C320A8EEC6EB32B826D07A889" Type="PA30" Base="2B6C08B06F65C75590858605BD161BF0"/>
				<Delta Size="38605" URL="Config_Languages_ko.zip_2017-08-20..zip" MD5="314C3677A2977ECE6A6C816E632ED2E7" Type="RAW"/>
			</Version>
		</ko>
		<pl-pl Path="Config\Languages\pl-PL.zip">
			<Version MD5="E2F05AC8E2B83224A7C97A7298BBE64D">
				<Delta Size="39131" URL="Config_Languages_pl-PL.zip_2017-04-20~2017-08-20.psf" MD5="6B5397ED7EF733715F4432151D66DB58" Type="PA30" Base="9720B91927D45F8B931A84F02FC57090"/>
				<Delta Size="39116" URL="Config_Languages_pl-PL.zip_2017-04-27~2017-08-20.psf" MD5="E7882F22E4B40EF004C12A2C5A2FFA11" Type="PA30" Base="FF2670CCD1E1F74474140050C9FF153A"/>
				<Delta Size="39106" URL="Config_Languages_pl-PL.zip_2017-05-21~2017-08-20.psf" MD5="3C2D3CA63712EA7D18078128B6FDF118" Type="PA30" Base="1D7CF1309014689D506C2E9849211284"/>
				<Delta Size="39096" URL="Config_Languages_pl-PL.zip_2017-06-17~2017-08-20.psf" MD5="C0D8106811F1E941D73A18AC3C4C9AB7" Type="PA30" Base="57D2DCC7E58ECF37E5DA712ADD66CB8C"/>
				<Delta Size="39107" URL="Config_Languages_pl-PL.zip_2017-08-13~2017-08-20.psf" MD5="6966CFE82F51CBB6A795BAF10518C537" Type="PA30" Base="C0524058313C6400F9231F185CF31253"/>
				<Delta Size="38990" URL="Config_Languages_pl-PL.zip_2017-08-20..zip" MD5="E2F05AC8E2B83224A7C97A7298BBE64D" Type="RAW"/>
			</Version>
		</pl-pl>
		<pt Path="Config\Languages\pt.zip">
			<Version MD5="381F8D808641DB171B114A85063D174B">
				<Delta Size="38825" URL="Config_Languages_pt.zip_2017-04-15~2017-08-20.psf" MD5="4C830E5E514A1B4DFDF212127E2943C4" Type="PA30" Base="4CF418127604D37788C505BF926EE842"/>
				<Delta Size="38822" URL="Config_Languages_pt.zip_2017-04-27~2017-08-20.psf" MD5="E49ECB30F6DB06754E898B55263F081F" Type="PA30" Base="5F61E1BE053914DAEE1EB4C241EF746A"/>
				<Delta Size="38826" URL="Config_Languages_pt.zip_2017-08-13~2017-08-20.psf" MD5="B7B4A9C61EBB7D50B2F6C4BB5B475626" Type="PA30" Base="DF9A6BC576F4B8EE8CA87F1C81119C3D"/>
				<Delta Size="38660" URL="Config_Languages_pt.zip_2017-08-20..zip" MD5="381F8D808641DB171B114A85063D174B" Type="RAW"/>
			</Version>
		</pt>
		<ru Path="Config\Languages\ru.zip">
			<Version MD5="7F1487425714F4F0CD70A8CC8F4E8CD2">
				<Delta Size="42122" URL="Config_Languages_ru.zip_2017-04-04~2017-08-20.psf" MD5="68452D09AB35E66F533565C6338C8F13" Type="PA30" Base="EE6FCD46A4783948789CDB05AA61FE03"/>
				<Delta Size="42126" URL="Config_Languages_ru.zip_2017-04-16~2017-08-20.psf" MD5="0F482CD23D838593C554B9152EB9A3B8" Type="PA30" Base="00C57C51123C266EAAC5793591FCA802"/>
				<Delta Size="41971" URL="Config_Languages_ru.zip_2017-04-20~2017-08-20.psf" MD5="8CECCB9D67FE9D276A7B9741BE8940F4" Type="PA30" Base="4DF0EDEFC0A2B2DCD6A06CAEB469D4AB"/>
				<Delta Size="42011" URL="Config_Languages_ru.zip_2017-04-27~2017-08-20.psf" MD5="50DDB8756FD561A5B1276ADAFFD87536" Type="PA30" Base="16B2EC04FF6DB8726A33D4A523C85B76"/>
				<Delta Size="42062" URL="Config_Languages_ru.zip_2017-05-21~2017-08-20.psf" MD5="91F0EE882B64C35E4840610073565A56" Type="PA30" Base="AF040443329A38140969D77A39F77683"/>
				<Delta Size="41862" URL="Config_Languages_ru.zip_2017-08-13~2017-08-20.psf" MD5="BAD254B675F7FFA3A56A65986093EE4D" Type="PA30" Base="0D2A700A4929CF903BB4E00B90FB04D9"/>
				<Delta Size="41952" URL="Config_Languages_ru.zip_2017-08-20..zip" MD5="7F1487425714F4F0CD70A8CC8F4E8CD2" Type="RAW"/>
			</Version>
		</ru>
		<zh-hans Path="Config\Languages\zh-Hans.zip">
			<Version MD5="2F8E54A85ECD2C906FA4E823F7F1FCC6">
				<Delta Size="7105" URL="Config_Languages_zh-Hans.zip_2017-04-04~2017-08-20.psf" MD5="5B21FDB7857D7469055CB2960BD55AC8" Type="PA30" Base="BFBAD4467FFA6398CC002972AE910E4A"/>
				<Delta Size="7097" URL="Config_Languages_zh-Hans.zip_2017-08-13~2017-08-20.psf" MD5="07EBFE50273F01C6AD4A4177E8B72309" Type="PA30" Base="E146B81CA1D7E7A846381DADEC50E40C"/>
				<Delta Size="7129" URL="Config_Languages_zh-Hans.zip_2017-08-20..zip" MD5="2F8E54A85ECD2C906FA4E823F7F1FCC6" Type="RAW"/>
			</Version>
		</zh-hans>
		<zh-hant Path="Config\Languages\zh-Hant.zip">
			<Version MD5="50880E0A8AE62ACF412D72593D2C8E6D">
				<Delta Size="34138" URL="Config_Languages_zh-Hant.zip_2017-04-16~2017-08-20.psf" MD5="D18F932BC23B6CCC1AC6CA8EEBAA7863" Type="PA30" Base="858D658C42F54834B25B9AE444538946"/>
				<Delta Size="34101" URL="Config_Languages_zh-Hant.zip_2017-04-20~2017-08-20.psf" MD5="43BF8DF52D38CE37BEF815F45F660ECC" Type="PA30" Base="6D4D84CFF602E66BD0361F464320B828"/>
				<Delta Size="34092" URL="Config_Languages_zh-Hant.zip_2017-04-27~2017-08-20.psf" MD5="3F030FC9104C3905F9E0DC72CC32A374" Type="PA30" Base="A3B36459715BB053640894DA397FFA4E"/>
				<Delta Size="33996" URL="Config_Languages_zh-Hant.zip_2017-05-21~2017-08-20.psf" MD5="86AC91D150AC383A74BEAD550FB98C64" Type="PA30" Base="6C3269007DCE83A9C55C5775FFDE6F89"/>
				<Delta Size="33752" URL="Config_Languages_zh-Hant.zip_2017-05-29~2017-08-20.psf" MD5="49929F9FFA966105FD593157F8A74D5D" Type="PA30" Base="13F4ECA5C32E2BBE29E1F2E54693C6B4"/>
				<Delta Size="33825" URL="Config_Languages_zh-Hant.zip_2017-06-17~2017-08-20.psf" MD5="59E33F4B313EE54476E5C59E149F8A7A" Type="PA30" Base="BF90D50E7E5A59910631D4DAD2D20FE4"/>
				<Delta Size="33591" URL="Config_Languages_zh-Hant.zip_2017-06-25~2017-08-20.psf" MD5="A800645B7B7CDB687BE4E210A5B61BA5" Type="PA30" Base="6140C55AF1A2A4904348C3427796DDD1"/>
				<Delta Size="33917" URL="Config_Languages_zh-Hant.zip_2017-08-13~2017-08-20.psf" MD5="5256822B85537F82D562320A60987C48" Type="PA30" Base="965B10B829F5796356AFD110F874DA28"/>
				<Delta Size="34017" URL="Config_Languages_zh-Hant.zip_2017-08-20..zip" MD5="50880E0A8AE62ACF412D72593D2C8E6D" Type="RAW"/>
			</Version>
		</zh-hant>
	</Languages>
	<WSUS Path="Config\wsusscn2.cab">
		<Version MD5="b9c993b8d54c745214d3088f00d3fbc1">
			<Delta Size="22201430" URL="wsusscn2_2017-08-11.cab" MD5="b9c993b8d54c745214d3088f00d3fbc1" Type="RAW"/>
		</Version>
	</WSUS>
	<Report>
		<UpdateReport>http://web1612151818153.bj01.bdysite.com/chuyu-analysis/client_update.php</UpdateReport>
		<CrashReport>http://web1612151818153.bj01.bdysite.com/chuyu-analysis/crash_report.php</CrashReport>
		<MinReport>A000100150001</MinReport>
		<Key>ynNMAs1BjAjE8WVY+ay9xA==</Key>
	</Report>
</UpdateInfo>

